request_id,rcl,dml,pl,prep,tx,total,total_no_placement
0,6.369337821762892e-05,1.0626850128173828,0.9804970902127741,2.0722087932183245e-05,5.31808889336748e-05,2.0433196993852403,1.0628226091724664
1,6.38232243186467e-05,1.0626850128173828,0.9809266161390259,2.0805979714653545e-05,5.326092932934388e-05,2.0437495190897716,1.0628229029507454
2,6.396289865280904e-05,1.0626850128173828,0.9817585690623785,2.096847051999688e-05,5.3305082778654786e-05,2.044581818331712,1.0628232492693341
3,6.364962488074514e-05,1.0626850128173828,0.9797069991068106,2.056777326304963e-05,5.3235740344222506e-05,2.0425294650626817,1.0628224659558707
4,6.385613954749889e-05,1.0626850128173828,0.9812796916563269,2.0874939776625667e-05,5.324176324631171e-05,2.04410267731628,1.0628229856599531
5,6.420057548239659e-05,1.0626850128173828,0.9842966926652887,2.146419778618956e-05,5.3206592037704484e-05,2.0471205768479774,1.0628238841826891
