request_id,rcl,dml,pl,prep,tx,total,total_no_placement
0,6.361632044601056e-05,5.172289609909058,0.9800255275971245,2.0629985858814077e-05,5.316602414491855e-05,6.1524525498366325,5.172427022239508
1,6.411360001744605e-05,5.172289609909058,0.9833632417076874,2.1281883146034654e-05,5.3246121555946974e-05,6.155791493221465,5.172428251513778
2,6.384194238085207e-05,5.172289609909058,0.9817768812354486,2.0972047116301547e-05,5.317605877567665e-05,6.154204481192779,5.172427599957331
3,6.375670472859967e-05,5.172289609909058,0.9809572588869087,2.081196462634964e-05,5.3198343964632345e-05,6.153384635809286,5.172427376922378
